/*
 Navicat Premium Data Transfer

 Source Server         : localhost
 Source Server Type    : MySQL
 Source Server Version : 50539
 Source Host           : localhost
 Source Database       : tutorial_shop

 Target Server Type    : MySQL
 Target Server Version : 50539
 File Encoding         : utf-8

 Date: 10/31/2016 19:43:48 PM
*/

SET NAMES utf8;
SET FOREIGN_KEY_CHECKS = 0;

-- ----------------------------
--  Table structure for `product`
-- ----------------------------
DROP TABLE IF EXISTS `product`;
CREATE TABLE `product` (
  `id` int(5) NOT NULL AUTO_INCREMENT,
  `name` varchar(100) COLLATE utf8_bin DEFAULT NULL,
  `category_id` int(4) DEFAULT NULL,
  `explain` text COLLATE utf8_bin,
  `general_explain` varchar(255) COLLATE utf8_bin DEFAULT NULL,
  `discount` int(4) DEFAULT NULL,
  `shop_price` int(8) DEFAULT NULL,
  `price` int(8) DEFAULT NULL,
  `external_id` varchar(100) COLLATE utf8_bin DEFAULT NULL,
  `quantity` int(8) DEFAULT NULL,
  `hot` int(1) DEFAULT '1',
  `product_status` int(1) NOT NULL DEFAULT '0',
  `inventory_flag` int(1) NOT NULL DEFAULT '0',
  `default_img` varchar(255) COLLATE utf8_bin DEFAULT NULL,
  `update_time` datetime DEFAULT NULL,
  `update_user_id` int(5) DEFAULT NULL,
  `create_time` datetime DEFAULT NULL,
  `create_user_id` int(5) DEFAULT NULL,
  PRIMARY KEY (`id`)
) ENGINE=InnoDB AUTO_INCREMENT=1055 DEFAULT CHARSET=utf8 COLLATE=utf8_bin;

-- ----------------------------
--  Records of `product`
-- ----------------------------
BEGIN;
INSERT INTO `product` VALUES ('907', '展卉 新疆库尔勒香梨 9个装 新鲜酥梨 自营水果', '1', 0x3c703ee5b195e58d8920e696b0e79686e5ba93e5b094e58b92e9a699e6a2a82039e4b8aae8a38520e696b0e9b29ce985a5e6a2a820e887aae890a5e6b0b4e69e9c3c2f703e, '', '2000', '3300', '4400', '', '2000', '1', '0', '0', '/resources/upload/f30628acf21e42e6a4f064a7057fc3a8.jpg', '2016-10-31 19:43:02', '3', '2016-10-30 08:26:02', '3'), ('908', '佳沛zespri 新西兰进口绿奇异果猕猴桃 8粒装 39#果 自营水果', '1', 0xe4bdb3e6b29b7a657370726920e696b0e8a5bfe585b0e8bf9be58fa3e7bbbfe5a587e5bc82e69e9ce78c95e78cb4e6a1832038e7b292e8a38520333923e69e9c20e887aae890a5e6b0b4e69e9c, null, '2000', '2850', '3800', null, '2000', '1', '0', '0', '/resources/upload/4d1f21a75e7e4c2bbe1198f95b647e0d.jpg', '2016-10-30 08:26:03', '1', '2016-10-30 08:26:03', '3'), ('909', '华润五丰 美仑达 琯溪蜜柚 精品鸳鸯柚子2粒装 1粒红肉 1粒白肉 2.5kg-3kg 自营水果', '1', 0xe58d8ee6b6a6e4ba94e4b8b020e7be8ee4bb91e8bebe20e790afe6baaae89c9ce69f9a20e7b2bee59381e9b8b3e9b8afe69f9ae5ad9032e7b292e8a3852031e7b292e7baa2e882892031e7b292e799bde8828920322e356b672d336b6720e887aae890a5e6b0b4e69e9c, null, '2000', '2850', '3800', null, '2000', '1', '0', '0', '/resources/upload/ad41173b470442a3a0e899d86d908e06.jpg', '2016-10-30 08:26:03', '1', '2016-10-30 08:26:03', '3'), ('910', '欢乐果园 智利进口新鲜蓝莓 1盒装 单盒125g 自营水果', '1', 0xe6aca2e4b990e69e9ce59bad20e699bae588a9e8bf9be58fa3e696b0e9b29ce8939de88e932031e79b92e8a38520e58d95e79b923132356720e887aae890a5e6b0b4e69e9c, null, '2000', '3600', '4800', null, '2000', '1', '0', '0', '/resources/upload/7b7ce786ac304f569580dcc933243723.jpg', '2016-10-30 08:26:03', '1', '2016-10-30 08:26:03', '3'), ('911', '展卉 泰国进口 椰青2个装 约750g/个 自营水果', '1', 0xe5b195e58d8920e6b3b0e59bbde8bf9be58fa320e6a4b0e99d9232e4b8aae8a38520e7baa6373530672fe4b8aa20e887aae890a5e6b0b4e69e9c, null, '2000', '3900', '5200', null, '2000', '1', '0', '0', '/resources/upload/d2b6750d5ee74300b06959246c552874.jpg', '2016-10-30 08:26:03', '1', '2016-10-30 08:26:03', '3'), ('912', '欢乐果园 新疆库尔勒香梨 单果约100-120g 2.5kg装 自营水果', '1', 0xe6aca2e4b990e69e9ce59bad20e696b0e79686e5ba93e5b094e58b92e9a699e6a2a820e58d95e69e9ce7baa63130302d3132306720322e356b67e8a38520e887aae890a5e6b0b4e69e9c, null, '2000', '4650', '6200', null, '2000', '1', '0', '0', '/resources/upload/241d8a39373e41fbbbcb022bd726c090.jpg', '2016-10-30 08:26:03', '1', '2016-10-30 08:26:03', '3'), ('913', '齐峰缘 15粒礼盒装 徐香奇异果猕猴桃 单果80-90g 自营水果', '1', 0xe9bd90e5b3b0e7bc98203135e7b292e7a4bce79b92e8a38520e5be90e9a699e5a587e5bc82e69e9ce78c95e78cb4e6a18320e58d95e69e9c38302d39306720e887aae890a5e6b0b4e69e9c, null, '2000', '2850', '3800', null, '2000', '1', '0', '0', '/resources/upload/b53478803fee49a5957ffa58a7ca2b41.jpg', '2016-10-30 08:26:03', '1', '2016-10-30 08:26:03', '3'), ('914', '展卉 四川凉山会理石榴精挑6个装 单果300-400g 自营水果', '1', 0xe5b195e58d8920e59b9be5b79de58789e5b1b1e4bc9ae79086e79fb3e6a6b4e7b2bee68c9136e4b8aae8a38520e58d95e69e9c3330302d3430306720e887aae890a5e6b0b4e69e9c, null, '2000', '3900', '5200', null, '2000', '1', '0', '0', '/resources/upload/268d537ae3e949d5b67f91de1f3e87e6.jpg', '2016-10-30 08:26:03', '1', '2016-10-30 08:26:03', '3'), ('915', '展卉 南非进口橙子 6个装 单果约180-210g 自营水果', '1', 0xe5b195e58d8920e58d97e99d9ee8bf9be58fa3e6a999e5ad902036e4b8aae8a38520e58d95e69e9ce7baa63138302d3231306720e887aae890a5e6b0b4e69e9c, null, '2000', '4350', '5800', null, '2000', '1', '0', '0', '/resources/upload/2d182279ba014df1912b3d69d6a389cd.jpg', '2016-10-30 08:26:03', '1', '2016-10-30 08:26:03', '3'), ('916', '新疆水果 库尔勒香梨 出口注册梨园 20只装 新鲜特产（果重约90-110g）自营水果', '1', 0xe696b0e79686e6b0b4e69e9c20e5ba93e5b094e58b92e9a699e6a2a820e587bae58fa3e6b3a8e5868ce6a2a8e59bad203230e58faae8a38520e696b0e9b29ce789b9e4baa7efbc88e69e9ce9878de7baa639302d31313067efbc89e887aae890a5e6b0b4e69e9c, null, '2000', '4350', '5800', null, '2000', '1', '0', '0', '/resources/upload/3f754f6b26bf4f11908c760352b78c6c.jpg', '2016-10-30 08:26:03', '1', '2016-10-30 08:26:03', '3'), ('917', '大唐果园 陕西洛川苹果高原红富士 脆小果8个装(新品特惠额外再送1个) 总重约1.1-1.3kg 自营水果', '1', 0xe5a4a7e59490e69e9ce59bad20e99995e8a5bfe6b49be5b79de88bb9e69e9ce9ab98e58e9fe7baa2e5af8ce5a3ab20e88486e5b08fe69e9c38e4b8aae8a38528e696b0e59381e789b9e683a0e9a29de5a496e5868de9808131e4b8aa2920e680bbe9878de7baa6312e312d312e336b6720e887aae890a5e6b0b4e69e9c, null, '2000', '2550', '3400', null, '2000', '1', '0', '0', '/resources/upload/8f72c3f285c545658dbe9fa516e63063.jpg', '2016-10-30 08:26:03', '1', '2016-10-30 08:26:03', '3'), ('918', '美域高 洛川红富士苹果 12枚 75mm一级果  2.25kg 优质装 自营水果', '1', 0xe7be8ee59f9fe9ab9820e6b49be5b79de7baa2e5af8ce5a3abe88bb9e69e9c203132e69e9a2037356d6de4b880e7baa7e69e9c2020322e32356b6720e4bc98e8b4a8e8a38520e887aae890a5e6b0b4e69e9c, null, '2000', '5100', '6800', null, '2000', '1', '0', '0', '/resources/upload/76f7183958f04dd78b13caf1f628afca.jpg', '2016-10-30 08:26:03', '1', '2016-10-30 08:26:03', '3'), ('919', '佳沛 zespri 佳沛新西兰绿奇异果 6个装 单果约100-110g 自营水果', '1', 0xe4bdb3e6b29b207a657370726920e4bdb3e6b29be696b0e8a5bfe585b0e7bbbfe5a587e5bc82e69e9c2036e4b8aae8a38520e58d95e69e9ce7baa63130302d3131306720e887aae890a5e6b0b4e69e9c, null, '2000', '2700', '3600', null, '2000', '1', '0', '0', '/resources/upload/a3aef2672d694f6088010c29072e803e.jpg', '2016-10-30 08:26:03', '1', '2016-10-30 08:26:03', '3'), ('920', '展卉 南非进口橙子 12个装 单果约180-210g 自营水果', '1', 0xe5b195e58d8920e58d97e99d9ee8bf9be58fa3e6a999e5ad90203132e4b8aae8a38520e58d95e69e9ce7baa63138302d3231306720e887aae890a5e6b0b4e69e9c, null, '2000', '7350', '9800', null, '2000', '1', '0', '0', '/resources/upload/e04439bdb4094d298b1ce0c2b918ee1a.jpg', '2016-10-30 08:26:03', '1', '2016-10-30 08:26:03', '3'), ('921', '展卉 安岳柠檬 6个装 单果90-110g 自营水果', '1', 0xe5b195e58d8920e5ae89e5b2b3e69fa0e6aaac2036e4b8aae8a38520e58d95e69e9c39302d3131306720e887aae890a5e6b0b4e69e9c, null, '2000', '2850', '3800', null, '2000', '1', '0', '0', '/resources/upload/ff3470fafd49416d89da1cd51f0fe0f4.jpg', '2016-10-30 08:26:03', '1', '2016-10-30 08:26:03', '3'), ('922', '新疆水果 曾曾果园 库尔勒香梨 （果重约100-120g）新鲜特产 6个尝鲜装', '1', 0xe696b0e79686e6b0b4e69e9c20e69bbee69bbee69e9ce59bad20e5ba93e5b094e58b92e9a699e6a2a820efbc88e69e9ce9878de7baa63130302d31323067efbc89e696b0e9b29ce789b9e4baa72036e4b8aae5b09de9b29ce8a385, null, '2000', '1350', '1800', null, '2000', '1', '0', '0', '/resources/upload/723faac270c849d3968ef821ddbbeea0.jpg', '2016-10-30 08:26:03', '1', '2016-10-30 08:26:03', '3'), ('923', '佳沛 zespri 佳沛新西兰阳光金奇异果 6个装 单果约90-105g 自营水果', '1', 0xe4bdb3e6b29b207a657370726920e4bdb3e6b29be696b0e8a5bfe585b0e998b3e58589e98791e5a587e5bc82e69e9c2036e4b8aae8a38520e58d95e69e9ce7baa639302d3130356720e887aae890a5e6b0b4e69e9c, null, '2000', '4350', '5800', null, '2000', '1', '0', '0', '/resources/upload/b574dccdc32d4d659929497f57caa368.jpg', '2016-10-30 08:26:03', '1', '2016-10-30 08:26:03', '3'), ('924', '宏辉果蔬 山东富士85-90#8粒装 单果约250克-290克', '1', 0xe5ae8fe8be89e69e9ce894ac20e5b1b1e4b89ce5af8ce5a3ab38352d39302338e7b292e8a38520e58d95e69e9ce7baa6323530e5858b2d323930e5858b, null, '2000', '4650', '6200', null, '2000', '1', '0', '0', '/resources/upload/1e43fd7f2cf14ba48c38722f56891f50.jpg', '2016-10-30 08:26:03', '1', '2016-10-30 08:26:03', '3'), ('925', '大唐果园 陕西徐香猕猴桃奇异果 16粒装 单果约90g-110g 自营水果', '1', 0xe5a4a7e59490e69e9ce59bad20e99995e8a5bfe5be90e9a699e78c95e78cb4e6a183e5a587e5bc82e69e9c203136e7b292e8a38520e58d95e69e9ce7baa63930672d3131306720e887aae890a5e6b0b4e69e9c, null, '2000', '2850', '3800', null, '2000', '1', '0', '0', '/resources/upload/54075035977d4225a475070f5cde0a98.jpg', '2016-10-30 08:26:03', '1', '2016-10-30 08:26:03', '3'), ('926', '宏辉果蔬 山东富士80-85#6粒装 单果约210克-250克', '1', 0xe5ae8fe8be89e69e9ce894ac20e5b1b1e4b89ce5af8ce5a3ab38302d38352336e7b292e8a38520e58d95e69e9ce7baa6323130e5858b2d323530e5858b, null, '2000', '3000', '4000', null, '2000', '1', '0', '0', '/resources/upload/bbe0658310e841a0bf28f25c4bd06dc8.jpg', '2016-10-30 08:26:03', '1', '2016-10-30 08:26:03', '3'), ('927', '大唐果园 陕西洛川苹果高原红富士 脆小果4个装 总重约0.5-0.7kg 自营水果', '1', 0xe5a4a7e59490e69e9ce59bad20e99995e8a5bfe6b49be5b79de88bb9e69e9ce9ab98e58e9fe7baa2e5af8ce5a3ab20e88486e5b08fe69e9c34e4b8aae8a38520e680bbe9878de7baa6302e352d302e376b6720e887aae890a5e6b0b4e69e9c, null, '2000', '1350', '1800', null, '2000', '1', '0', '0', '/resources/upload/815694ff3aeb40379e50721301d79701.jpg', '2016-10-30 08:26:03', '1', '2016-10-30 08:26:03', '3'), ('928', '展卉 陕西大荔冬枣 1kg 新鲜甜脆枣 自营水果', '1', 0xe5b195e58d8920e99995e8a5bfe5a4a7e88d94e586ace69ea320316b6720e696b0e9b29ce7949ce88486e69ea320e887aae890a5e6b0b4e69e9c, null, '2000', '3450', '4600', null, '2000', '1', '0', '0', '/resources/upload/4eb2f42859aa4ac9b22b4d6024c371a7.jpg', '2016-10-30 08:26:03', '1', '2016-10-30 08:26:03', '3'), ('929', '鲜百年  泰国进口释迦 佛头果 4个装 约1.6kg 自营水果', '1', 0xe9b29ce799bee5b9b42020e6b3b0e59bbde8bf9be58fa3e9878ae8bfa620e4bd9be5a4b4e69e9c2034e4b8aae8a38520e7baa6312e366b6720e887aae890a5e6b0b4e69e9c, null, '2000', '13350', '17800', null, '2000', '1', '0', '0', '/resources/upload/e0af01d6ea3d4f648a3fac13d9330a4e.jpg', '2016-10-30 08:26:03', '1', '2016-10-30 08:26:03', '3'), ('930', '佳沛zespri 新西兰进口绿奇异果猕猴桃 8粒装 39#果 自营水果', '1', 0xe4bdb3e6b29b7a657370726920e696b0e8a5bfe585b0e8bf9be58fa3e7bbbfe5a587e5bc82e69e9ce78c95e78cb4e6a1832038e7b292e8a38520333923e69e9c20e887aae890a5e6b0b4e69e9c, null, '2000', '2850', '3800', null, '2000', '1', '0', '0', '/resources/upload/a45a0889d8064cca8e99758c7bfebe6b.jpg', '2016-10-30 08:26:03', '1', '2016-10-30 08:26:03', '3'), ('931', '佳沛zespri 新西兰进口金奇异果猕猴桃 27-36粒原箱装 3.3kg 自营水果', '1', 0xe4bdb3e6b29b7a657370726920e696b0e8a5bfe585b0e8bf9be58fa3e98791e5a587e5bc82e69e9ce78c95e78cb4e6a1832032372d3336e7b292e58e9fe7aeb1e8a38520332e336b6720e887aae890a5e6b0b4e69e9c, null, '2000', '34200', '45600', null, '2000', '1', '0', '0', '/resources/upload/0ccaca91198740f8952d7cbde718d795.jpg', '2016-10-30 08:26:03', '1', '2016-10-30 08:26:03', '3'), ('932', '鲜百年  泰国进口释迦 佛头果 4个装 约1.6kg 自营水果', '1', 0xe9b29ce799bee5b9b42020e6b3b0e59bbde8bf9be58fa3e9878ae8bfa620e4bd9be5a4b4e69e9c2034e4b8aae8a38520e7baa6312e366b6720e887aae890a5e6b0b4e69e9c, null, '2000', '13350', '17800', null, '2000', '1', '0', '0', '/resources/upload/a0975fea481446fdada6f8f27b88586b.jpg', '2016-10-30 08:26:03', '1', '2016-10-30 08:26:03', '3'), ('933', '潘苹果 9粒装 花牛苹果 国产蛇果 约2.3kg 自营水果', '1', 0xe6bd98e88bb9e69e9c2039e7b292e8a38520e88ab1e7899be88bb9e69e9c20e59bbde4baa7e89b87e69e9c20e7baa6322e336b6720e887aae890a5e6b0b4e69e9c, null, '2000', '5100', '6800', null, '2000', '1', '0', '0', '/resources/upload/4f3172a43b3e434a9eb8f0f4740b3e74.jpg', '2016-10-30 08:26:03', '1', '2016-10-30 08:26:03', '3'), ('934', '华润五丰 美仑达 琯溪蜜柚 精品红心柚子2粒装 2.5kg-3kg 自营水果', '1', 0xe58d8ee6b6a6e4ba94e4b8b020e7be8ee4bb91e8bebe20e790afe6baaae89c9ce69f9a20e7b2bee59381e7baa2e5bf83e69f9ae5ad9032e7b292e8a38520322e356b672d336b6720e887aae890a5e6b0b4e69e9c, null, '2000', '3600', '4800', null, '2000', '1', '0', '0', '/resources/upload/7e8b14310b584b9796614ff2b7f0b4cd.jpg', '2016-10-30 08:26:03', '1', '2016-10-30 08:26:03', '3'), ('935', '展卉 澳洲进口脐橙/澳橙 6个装 单果约170-190g 自营水果', '1', 0xe5b195e58d8920e6beb3e6b4b2e8bf9be58fa3e88490e6a9992fe6beb3e6a9992036e4b8aae8a38520e58d95e69e9ce7baa63137302d3139306720e887aae890a5e6b0b4e69e9c, null, '2000', '4950', '6600', null, '2000', '1', '0', '0', '/resources/upload/3c0664535d1f4dd089eb11e24a928cf9.jpg', '2016-10-30 08:26:04', '1', '2016-10-30 08:26:04', '3'), ('936', '大唐果园 陕西徐香猕猴桃奇异果 16粒装 单果约90g-110g 自营水果', '1', 0xe5a4a7e59490e69e9ce59bad20e99995e8a5bfe5be90e9a699e78c95e78cb4e6a183e5a587e5bc82e69e9c203136e7b292e8a38520e58d95e69e9ce7baa63930672d3131306720e887aae890a5e6b0b4e69e9c, null, '2000', '2850', '3800', null, '2000', '1', '0', '0', '/resources/upload/f57c070598cf49c4885c774e3287f62d.jpg', '2016-10-30 08:26:04', '1', '2016-10-30 08:26:04', '3'), ('937', '展卉 新疆库尔勒香梨 9个装 新鲜酥梨 自营水果', '1', 0xe5b195e58d8920e696b0e79686e5ba93e5b094e58b92e9a699e6a2a82039e4b8aae8a38520e696b0e9b29ce985a5e6a2a820e887aae890a5e6b0b4e69e9c, null, '2000', '3300', '4400', null, '2000', '1', '0', '0', '/resources/upload/c77b7663fe564b5cbcf478791d0a06a0.jpg', '2016-10-30 08:26:04', '1', '2016-10-30 08:26:04', '3'), ('938', '展卉 南非进口橙子 6个装 单果约180-210g 自营水果', '1', 0xe5b195e58d8920e58d97e99d9ee8bf9be58fa3e6a999e5ad902036e4b8aae8a38520e58d95e69e9ce7baa63138302d3231306720e887aae890a5e6b0b4e69e9c, null, '2000', '4350', '5800', null, '2000', '1', '0', '0', '/resources/upload/18299ea63ebb4fc4b14452d06d2e0304.jpg', '2016-10-30 08:26:04', '1', '2016-10-30 08:26:04', '3'), ('939', '展卉 四川凉山会理石榴精挑6个装 单果300-400g 自营水果', '1', 0xe5b195e58d8920e59b9be5b79de58789e5b1b1e4bc9ae79086e79fb3e6a6b4e7b2bee68c9136e4b8aae8a38520e58d95e69e9c3330302d3430306720e887aae890a5e6b0b4e69e9c, null, '2000', '3900', '5200', null, '2000', '1', '0', '0', '/resources/upload/14035002f3fd408685c89afb7508cb5f.jpg', '2016-10-30 08:26:04', '1', '2016-10-30 08:26:04', '3'), ('940', '佳沛zespri 新西兰进口绿奇异果猕猴桃 27-33粒原箱装 3.3kg 自营水果', '1', 0xe4bdb3e6b29b7a657370726920e696b0e8a5bfe585b0e8bf9be58fa3e7bbbfe5a587e5bc82e69e9ce78c95e78cb4e6a1832032372d3333e7b292e58e9fe7aeb1e8a38520332e336b6720e887aae890a5e6b0b4e69e9c, null, '2000', '16350', '21800', null, '2000', '1', '0', '0', '/resources/upload/6db6e3513d754b1aa719c91be38f1163.jpg', '2016-10-30 08:26:04', '1', '2016-10-30 08:26:04', '3'), ('941', '宏辉果蔬 美国红蛇果6粒装 单果约230-250g 自营水果', '1', 0xe5ae8fe8be89e69e9ce894ac20e7be8ee59bbde7baa2e89b87e69e9c36e7b292e8a38520e58d95e69e9ce7baa63233302d3235306720e887aae890a5e6b0b4e69e9c, null, '2000', '6450', '8600', null, '2000', '1', '0', '0', '/resources/upload/71ba4382171d4a9089c1f54d1b69579f.jpg', '2016-10-30 08:26:04', '1', '2016-10-30 08:26:04', '3'), ('942', '欢乐果园 美国进口加力果嗄啦果苹果 12粒装 单果约140-170g 自营水果', '1', 0xe6aca2e4b990e69e9ce59bad20e7be8ee59bbde8bf9be58fa3e58aa0e58a9be69e9ce59784e595a6e69e9ce88bb9e69e9c203132e7b292e8a38520e58d95e69e9ce7baa63134302d3137306720e887aae890a5e6b0b4e69e9c, null, '2000', '5850', '7800', null, '2000', '1', '0', '0', '/resources/upload/88714a586ee6444e9aa5fe9540b7b891.jpg', '2016-10-30 08:26:04', '1', '2016-10-30 08:26:04', '3'), ('943', '鲜百年 秘鲁进口牛油果鳄梨 6个装 单果140-180g 自营水果', '1', 0xe9b29ce799bee5b9b420e7a798e9b281e8bf9be58fa3e7899be6b2b9e69e9ce9b384e6a2a82036e4b8aae8a38520e58d95e69e9c3134302d3138306720e887aae890a5e6b0b4e69e9c, null, '2000', '6450', '8600', null, '2000', '1', '0', '0', '/resources/upload/17ffb08749f845a59112ef8f75402955.jpg', '2016-10-30 08:26:04', '1', '2016-10-30 08:26:04', '3'), ('944', '大唐果园 陕西洛川苹果高原红富士 脆小果4个装 总重约0.5-0.7kg 自营水果', '1', 0xe5a4a7e59490e69e9ce59bad20e99995e8a5bfe6b49be5b79de88bb9e69e9ce9ab98e58e9fe7baa2e5af8ce5a3ab20e88486e5b08fe69e9c34e4b8aae8a38520e680bbe9878de7baa6302e352d302e376b6720e887aae890a5e6b0b4e69e9c, null, '2000', '1350', '1800', null, '2000', '1', '0', '0', '/resources/upload/7e0a0f91e4d9443caf9ac8350af88e43.jpg', '2016-10-30 08:26:04', '1', '2016-10-30 08:26:04', '3'), ('945', '欢乐果园 进口水果苹果橙子柚子组合装 6粒装 自营水果', '1', 0xe6aca2e4b990e69e9ce59bad20e8bf9be58fa3e6b0b4e69e9ce88bb9e69e9ce6a999e5ad90e69f9ae5ad90e7bb84e59088e8a3852036e7b292e8a38520e887aae890a5e6b0b4e69e9c, null, '2000', '8400', '11200', null, '2000', '1', '0', '0', '/resources/upload/1110297365854147a53fb7f9a175b050.jpg', '2016-10-30 08:26:04', '1', '2016-10-30 08:26:04', '3'), ('946', '欢乐果园 美国进口红蛇果苹果 6粒装 单果约210-240g 自营水果 自营水果', '1', 0xe6aca2e4b990e69e9ce59bad20e7be8ee59bbde8bf9be58fa3e7baa2e89b87e69e9ce88bb9e69e9c2036e7b292e8a38520e58d95e69e9ce7baa63231302d3234306720e887aae890a5e6b0b4e69e9c20e887aae890a5e6b0b4e69e9c, null, '2000', '8700', '11600', null, '2000', '1', '0', '0', '/resources/upload/f07cadea285843908e9c5d763e94ea7c.jpg', '2016-10-30 08:26:04', '1', '2016-10-30 08:26:04', '3'), ('947', '佳沛zespri 新西兰进口绿奇异果猕猴桃 16粒装 36号果 自营水果', '1', 0xe4bdb3e6b29b7a657370726920e696b0e8a5bfe585b0e8bf9be58fa3e7bbbfe5a587e5bc82e69e9ce78c95e78cb4e6a183203136e7b292e8a385203336e58fb7e69e9c20e887aae890a5e6b0b4e69e9c, null, '2000', '8850', '11800', null, '2000', '1', '0', '0', '/resources/upload/d47e38b081d44082ad38d78b12a07db8.jpg', '2016-10-30 08:26:04', '1', '2016-10-30 08:26:04', '3'), ('948', '宏辉果蔬  秘鲁进口牛油果6个装 单果约170-190g 自营水果', '1', 0xe5ae8fe8be89e69e9ce894ac2020e7a798e9b281e8bf9be58fa3e7899be6b2b9e69e9c36e4b8aae8a38520e58d95e69e9ce7baa63137302d3139306720e887aae890a5e6b0b4e69e9c, null, '2000', '5700', '7600', null, '2000', '1', '0', '0', '/resources/upload/fb05c70f84ca4e57976ca19c3278b4c5.jpg', '2016-10-30 08:26:04', '1', '2016-10-30 08:26:04', '3'), ('949', '佳沛 zespri 佳沛新西兰阳光金奇异果 6个装 单果约90-105g 自营水果', '1', 0xe4bdb3e6b29b207a657370726920e4bdb3e6b29be696b0e8a5bfe585b0e998b3e58589e98791e5a587e5bc82e69e9c2036e4b8aae8a38520e58d95e69e9ce7baa639302d3130356720e887aae890a5e6b0b4e69e9c, null, '2000', '4350', '5800', null, '2000', '1', '0', '0', '/resources/upload/f07e88df0b374bccb55554b0db5fa790.jpg', '2016-10-30 08:26:04', '1', '2016-10-30 08:26:04', '3'), ('950', '展卉 泰国进口 椰青2个装 约750g/个 自营水果', '1', 0xe5b195e58d8920e6b3b0e59bbde8bf9be58fa320e6a4b0e99d9232e4b8aae8a38520e7baa6373530672fe4b8aa20e887aae890a5e6b0b4e69e9c, null, '2000', '3900', '5200', null, '2000', '1', '0', '0', '/resources/upload/70cb5cf18afa42fb9a1968a6f313183b.jpg', '2016-10-30 08:26:04', '1', '2016-10-30 08:26:04', '3'), ('951', '展卉 澳洲进口脐橙/澳橙 6个装 单果约220-240g 自营水果', '1', 0xe5b195e58d8920e6beb3e6b4b2e8bf9be58fa3e88490e6a9992fe6beb3e6a9992036e4b8aae8a38520e58d95e69e9ce7baa63232302d3234306720e887aae890a5e6b0b4e69e9c, null, '2000', '6450', '8600', null, '2000', '1', '0', '0', '/resources/upload/8c141d1d5e9542bda4ec463be0cb5344.jpg', '2016-10-30 08:26:04', '1', '2016-10-30 08:26:04', '3'), ('952', '展卉 越南进口红心火龙果2个装 总重约1kg 自营水果 ', '1', 0xe5b195e58d8920e8b68ae58d97e8bf9be58fa3e7baa2e5bf83e781abe9be99e69e9c32e4b8aae8a38520e680bbe9878de7baa6316b6720e887aae890a5e6b0b4e69e9c20, null, '2000', '4500', '6000', null, '2000', '1', '0', '0', '/resources/upload/779d0d99beb641dbabd08caacdbe1292.jpg', '2016-10-30 08:26:04', '1', '2016-10-30 08:26:04', '3'), ('953', '展卉 南非进口橙子 6个装 单果约180-210g 自营水果', '1', 0xe5b195e58d8920e58d97e99d9ee8bf9be58fa3e6a999e5ad902036e4b8aae8a38520e58d95e69e9ce7baa63138302d3231306720e887aae890a5e6b0b4e69e9c, null, '2000', '4350', '5800', null, '2000', '1', '0', '0', '/resources/upload/459e67701475416bb78ae545a27d84ae.jpg', '2016-10-30 08:26:04', '1', '2016-10-30 08:26:04', '3'), ('954', '欢乐果园 墨西哥进口牛油果 6个 单果约140-160g 自营水果', '1', 0xe6aca2e4b990e69e9ce59bad20e5a2a8e8a5bfe593a5e8bf9be58fa3e7899be6b2b9e69e9c2036e4b8aa20e58d95e69e9ce7baa63134302d3136306720e887aae890a5e6b0b4e69e9c, null, '2000', '7350', '9800', null, '2000', '1', '0', '0', '/resources/upload/cc2cbf1371c74ad49ae607c15b64dff5.jpg', '2016-10-30 08:26:04', '1', '2016-10-30 08:26:04', '3'), ('955', '佳沛zespri 新西兰进口金奇异果猕猴桃 8粒装 36号果 自营水果', '1', 0xe4bdb3e6b29b7a657370726920e696b0e8a5bfe585b0e8bf9be58fa3e98791e5a587e5bc82e69e9ce78c95e78cb4e6a1832038e7b292e8a385203336e58fb7e69e9c20e887aae890a5e6b0b4e69e9c, null, '2000', '7350', '9800', null, '2000', '1', '0', '0', '/resources/upload/83ef71819a02422994bf48d23ea50456.jpg', '2016-10-30 08:26:04', '1', '2016-10-30 08:26:04', '3'), ('956', '珍享 智利进口奇异果猕猴桃 6个 单果约80-90g 自营水果', '1', 0xe78f8de4baab20e699bae588a9e8bf9be58fa3e5a587e5bc82e69e9ce78c95e78cb4e6a1832036e4b8aa20e58d95e69e9ce7baa638302d39306720e887aae890a5e6b0b4e69e9c, null, '2000', '1800', '2400', null, '2000', '1', '0', '0', '/resources/upload/c7404083426e44b88c77a98d8061fd9a.jpg', '2016-10-30 08:26:04', '1', '2016-10-30 08:26:04', '3'), ('957', '佳沛zespri 新西兰进口绿奇异果猕猴桃 8粒装 39#果 自营水果', '1', 0xe4bdb3e6b29b7a657370726920e696b0e8a5bfe585b0e8bf9be58fa3e7bbbfe5a587e5bc82e69e9ce78c95e78cb4e6a1832038e7b292e8a38520333923e69e9c20e887aae890a5e6b0b4e69e9c, null, '2000', '2850', '3800', null, '2000', '1', '0', '0', '/resources/upload/e3339cc99dd74f7783bf31357dead36b.jpg', '2016-10-30 08:26:04', '1', '2016-10-30 08:26:04', '3'), ('958', '华圣 南非进口橙子 8粒装 单果约200-220g 自营水果', '1', 0xe58d8ee59ca320e58d97e99d9ee8bf9be58fa3e6a999e5ad902038e7b292e8a38520e58d95e69e9ce7baa63230302d3232306720e887aae890a5e6b0b4e69e9c, null, '2000', '5250', '7000', null, '2000', '1', '0', '0', '/resources/upload/b632806fdcfd43988ed8deb51c8d8f8a.jpg', '2016-10-30 08:26:04', '1', '2016-10-30 08:26:04', '3'), ('959', '欢乐果园 美国进口加力果嗄啦果苹果 12粒装 单果约140-170g 自营水果', '1', 0xe6aca2e4b990e69e9ce59bad20e7be8ee59bbde8bf9be58fa3e58aa0e58a9be69e9ce59784e595a6e69e9ce88bb9e69e9c203132e7b292e8a38520e58d95e69e9ce7baa63134302d3137306720e887aae890a5e6b0b4e69e9c, null, '2000', '5850', '7800', null, '2000', '1', '0', '0', '/resources/upload/891f55e5ad7048409b0766c88a67c7cd.jpg', '2016-10-30 08:26:04', '1', '2016-10-30 08:26:04', '3'), ('960', '欢乐果园 智利进口新鲜蓝莓 4盒 单盒125g 自营水果', '1', 0xe6aca2e4b990e69e9ce59bad20e699bae588a9e8bf9be58fa3e696b0e9b29ce8939de88e932034e79b9220e58d95e79b923132356720e887aae890a5e6b0b4e69e9c, null, '2000', '17400', '23200', null, '2000', '1', '0', '0', '/resources/upload/6f8c842733a34c37ad7a96ebd8761ecb.jpg', '2016-10-30 08:26:04', '1', '2016-10-30 08:26:04', '3'), ('961', '欢乐果园 厄瓜多尔进口香蕉超甜蕉 1kg 自营水果', '1', 0xe6aca2e4b990e69e9ce59bad20e58e84e7939ce5a49ae5b094e8bf9be58fa3e9a699e89589e8b685e7949ce8958920316b6720e887aae890a5e6b0b4e69e9c, null, '2000', '3450', '4600', null, '2000', '1', '0', '0', '/resources/upload/158556ef2b7542e883c57563f3db6eac.jpg', '2016-10-30 08:26:04', '1', '2016-10-30 08:26:04', '3'), ('962', '欢乐果园 美国进口无籽红提提子 1kg 自营水果', '1', 0xe6aca2e4b990e69e9ce59bad20e7be8ee59bbde8bf9be58fa3e697a0e7b1bde7baa2e68f90e68f90e5ad9020316b6720e887aae890a5e6b0b4e69e9c, null, '2000', '7350', '9800', null, '2000', '1', '0', '0', '/resources/upload/4a0bf55794e9453da690e72a6b50d849.jpg', '2016-10-30 08:26:04', '1', '2016-10-30 08:26:04', '3'), ('963', '欢乐果园 澳大利亚进口橙子 澳橙 4粒装 单果约260-280g 自营水果', '1', 0xe6aca2e4b990e69e9ce59bad20e6beb3e5a4a7e588a9e4ba9ae8bf9be58fa3e6a999e5ad9020e6beb3e6a9992034e7b292e8a38520e58d95e69e9ce7baa63236302d3238306720e887aae890a5e6b0b4e69e9c, null, '2000', '5850', '7800', null, '2000', '1', '0', '0', '/resources/upload/dafb15e6cedd4f8b96b08881ee6f7e99.jpg', '2016-10-30 08:26:04', '1', '2016-10-30 08:26:04', '3'), ('964', '珍享 墨西哥进口牛油果 6个 单果约180g 自营水果', '1', 0xe78f8de4baab20e5a2a8e8a5bfe593a5e8bf9be58fa3e7899be6b2b9e69e9c2036e4b8aa20e58d95e69e9ce7baa63138306720e887aae890a5e6b0b4e69e9c, null, '2000', '4800', '6400', null, '2000', '1', '0', '0', '/resources/upload/518a97e57619420e8de104f127207c98.jpg', '2016-10-30 08:26:04', '1', '2016-10-30 08:26:04', '3'), ('965', '佳沛 zespri 佳沛新西兰绿奇异果 6个装 单果约100-110g 自营水果', '1', 0xe4bdb3e6b29b207a657370726920e4bdb3e6b29be696b0e8a5bfe585b0e7bbbfe5a587e5bc82e69e9c2036e4b8aae8a38520e58d95e69e9ce7baa63130302d3131306720e887aae890a5e6b0b4e69e9c, null, '2000', '2700', '3600', null, '2000', '1', '0', '0', '/resources/upload/39d35e062ac54dd5911c6cc5f50f0107.jpg', '2016-10-30 08:26:04', '1', '2016-10-30 08:26:04', '3'), ('966', '展卉 百香果 西番莲精挑12个装 单果50-80g 自营水果', '1', 0xe5b195e58d8920e799bee9a699e69e9c20e8a5bfe795aae88eb2e7b2bee68c913132e4b8aae8a38520e58d95e69e9c35302d38306720e887aae890a5e6b0b4e69e9c, null, '2000', '3750', '5000', null, '2000', '1', '0', '0', '/resources/upload/526d0284d2d144d482790f8a9c4221e5.jpg', '2016-10-30 08:26:04', '1', '2016-10-30 08:26:04', '3'), ('967', '珍享 美国进口红提/葡萄 1斤装 自营水果', '1', 0xe78f8de4baab20e7be8ee59bbde8bf9be58fa3e7baa2e68f902fe891a1e890842031e696a4e8a38520e887aae890a5e6b0b4e69e9c, null, '2000', '4350', '5800', null, '2000', '1', '0', '0', '/resources/upload/fbd064026f564340b324192145888a19.jpg', '2016-10-30 08:26:05', '1', '2016-10-30 08:26:05', '3'), ('968', '芭果香 泰国龙眼 1.5kg 桂圆进口新鲜水果 进口水果 3斤装 顺丰空运', '1', 0xe88aade69e9ce9a69920e6b3b0e59bbde9be99e79cbc20312e356b6720e6a182e59c86e8bf9be58fa3e696b0e9b29ce6b0b4e69e9c20e8bf9be58fa3e6b0b4e69e9c2033e696a4e8a38520e9a1bae4b8b0e7a9bae8bf90, null, '2000', '8400', '11200', null, '2000', '1', '0', '0', '/resources/upload/37cbe40d22f245fbbbec66d588d09f4e.jpg', '2016-10-30 08:26:05', '1', '2016-10-30 08:26:05', '3'), ('969', '芭果香  智利进口绿奇异果 12个  新鲜猕猴桃 单果约100g  顺丰空运', '1', 0xe88aade69e9ce9a6992020e699bae588a9e8bf9be58fa3e7bbbfe5a587e5bc82e69e9c203132e4b8aa2020e696b0e9b29ce78c95e78cb4e6a18320e58d95e69e9ce7baa6313030672020e9a1bae4b8b0e7a9bae8bf90, null, '2000', '7350', '9800', null, '2000', '1', '0', '0', '/resources/upload/6bc5f9cb8a1e42b1b2658e65897d3fa9.jpg', '2016-10-30 08:26:05', '1', '2016-10-30 08:26:05', '3'), ('970', '芭果香 墨西哥牛油果 8个装 单果160-180g  顺丰空运 进口鳄梨', '1', 0xe88aade69e9ce9a69920e5a2a8e8a5bfe593a5e7899be6b2b9e69e9c2038e4b8aae8a38520e58d95e69e9c3136302d313830672020e9a1bae4b8b0e7a9bae8bf9020e8bf9be58fa3e9b384e6a2a8, null, '2000', '10200', '13600', null, '2000', '1', '0', '0', '/resources/upload/0809033b30044596800a97d2fd8b90e3.jpg', '2016-10-30 08:26:05', '1', '2016-10-30 08:26:05', '3'), ('971', '百宝源 智利进口加力果 苹果水果 9个单果150-180g ', '1', 0xe799bee5ae9de6ba9020e699bae588a9e8bf9be58fa3e58aa0e58a9be69e9c20e88bb9e69e9ce6b0b4e69e9c2039e4b8aae58d95e69e9c3135302d3138306720, null, '2000', '5850', '7800', null, '2000', '1', '0', '0', '/resources/upload/bf7092aaef68488792d371f1f994ee3d.jpg', '2016-10-30 08:26:05', '1', '2016-10-30 08:26:05', '3'), ('972', '百宝源 智利进口青苹果水果 9粒 单果(140-170g) ', '1', 0xe799bee5ae9de6ba9020e699bae588a9e8bf9be58fa3e99d92e88bb9e69e9ce6b0b4e69e9c2039e7b29220e58d95e69e9c283134302d313730672920, null, '2000', '7350', '9800', null, '2000', '1', '0', '0', '/resources/upload/d8a9057aabec4688837c29a34835cf03.jpg', '2016-10-30 08:26:05', '1', '2016-10-30 08:26:05', '3'), ('973', '唐果食光 火龙果 白心 越南火龙果 2.5kg 礼盒装 新鲜进口水果', '1', 0xe59490e69e9ce9a39fe5858920e781abe9be99e69e9c20e799bde5bf8320e8b68ae58d97e781abe9be99e69e9c20322e356b6720e7a4bce79b92e8a38520e696b0e9b29ce8bf9be58fa3e6b0b4e69e9c, null, '2000', '7200', '9600', null, '2000', '1', '0', '0', '/resources/upload/f893f1fdc07a48de9db4fa882422c236.jpg', '2016-10-30 08:26:05', '1', '2016-10-30 08:26:05', '3'), ('974', '齐峰缘 15粒礼盒装 翠香奇异果猕猴桃 单果90-100g 自营水果', '1', 0xe9bd90e5b3b0e7bc98203135e7b292e7a4bce79b92e8a38520e7bfa0e9a699e5a587e5bc82e69e9ce78c95e78cb4e6a18320e58d95e69e9c39302d3130306720e887aae890a5e6b0b4e69e9c, null, '2000', '4350', '5800', null, '2000', '1', '0', '0', '/resources/upload/fdf6cb580f144ed5a0a0d5ec39fcdeff.jpg', '2016-10-30 08:26:05', '1', '2016-10-30 08:26:05', '3'), ('975', '展卉 陕西大荔冬枣 1kg 新鲜甜脆枣 自营水果', '1', 0xe5b195e58d8920e99995e8a5bfe5a4a7e88d94e586ace69ea320316b6720e696b0e9b29ce7949ce88486e69ea320e887aae890a5e6b0b4e69e9c, null, '2000', '3450', '4600', null, '2000', '1', '0', '0', '/resources/upload/7296ff44ae724209a92663d24180e417.jpg', '2016-10-30 08:26:05', '1', '2016-10-30 08:26:05', '3'), ('976', '华润五丰 美仑达 琯溪蜜柚 精品白心柚子2粒装 2.5kg-3kg 自营水果', '1', 0xe58d8ee6b6a6e4ba94e4b8b020e7be8ee4bb91e8bebe20e790afe6baaae89c9ce69f9a20e7b2bee59381e799bde5bf83e69f9ae5ad9032e7b292e8a38520322e356b672d336b6720e887aae890a5e6b0b4e69e9c, null, '2000', '2400', '3200', null, '2000', '1', '0', '0', '/resources/upload/64e74ff8694f4b13bfca456f46a4c899.jpg', '2016-10-30 08:26:05', '1', '2016-10-30 08:26:05', '3'), ('977', '宏辉果蔬 山东富士85-90#6粒装 单果约250克-290克', '1', 0xe5ae8fe8be89e69e9ce894ac20e5b1b1e4b89ce5af8ce5a3ab38352d39302336e7b292e8a38520e58d95e69e9ce7baa6323530e5858b2d323930e5858b, null, '2000', '3750', '5000', null, '2000', '1', '0', '0', '/resources/upload/587e4a241d5c4ca38fd5d12a4e88f79a.jpg', '2016-10-30 08:26:05', '1', '2016-10-30 08:26:05', '3'), ('978', '大唐果园 陕西洛川苹果高原红富士 脆小果8个装(新品特惠额外再送1个) 总重约1.1-1.3kg 自营水果', '1', 0xe5a4a7e59490e69e9ce59bad20e99995e8a5bfe6b49be5b79de88bb9e69e9ce9ab98e58e9fe7baa2e5af8ce5a3ab20e88486e5b08fe69e9c38e4b8aae8a38528e696b0e59381e789b9e683a0e9a29de5a496e5868de9808131e4b8aa2920e680bbe9878de7baa6312e312d312e336b6720e887aae890a5e6b0b4e69e9c, null, '2000', '2550', '3400', null, '2000', '1', '0', '0', '/resources/upload/6ae9392351cf49838c78339556d0857a.jpg', '2016-10-30 08:26:05', '1', '2016-10-30 08:26:05', '3'), ('979', '欢乐果园 新疆库尔勒香梨 单果约80-100g 1.5kg装 自营水果', '1', 0xe6aca2e4b990e69e9ce59bad20e696b0e79686e5ba93e5b094e58b92e9a699e6a2a820e58d95e69e9ce7baa638302d3130306720312e356b67e8a38520e887aae890a5e6b0b4e69e9c, null, '2000', '3600', '4800', null, '2000', '1', '0', '0', '/resources/upload/b1ce08c38f6e427c924a2387b10948ea.jpg', '2016-10-30 08:26:05', '1', '2016-10-30 08:26:05', '3'), ('980', '宏辉果蔬 丰水梨4粒装 约1.8kg 单果重400g以上 自营水果', '1', 0xe5ae8fe8be89e69e9ce894ac20e4b8b0e6b0b4e6a2a834e7b292e8a38520e7baa6312e386b6720e58d95e69e9ce9878d34303067e4bba5e4b88a20e887aae890a5e6b0b4e69e9c, null, '2000', '2550', '3400', null, '2000', '1', '0', '0', '/resources/upload/9ab13da11b004b91b609c18abde0a03a.jpg', '2016-10-30 08:26:05', '1', '2016-10-30 08:26:05', '3'), ('981', '展卉 新疆库尔勒香梨 9个装 新鲜酥梨 自营水果', '1', 0xe5b195e58d8920e696b0e79686e5ba93e5b094e58b92e9a699e6a2a82039e4b8aae8a38520e696b0e9b29ce985a5e6a2a820e887aae890a5e6b0b4e69e9c, null, '2000', '3300', '4400', null, '2000', '1', '0', '0', '/resources/upload/90c0597927ae4234adebebf32cfb27cc.jpg', '2016-10-30 08:26:05', '1', '2016-10-30 08:26:05', '3'), ('982', '欢乐果园 四川大凉山会理石榴 6粒装 单果约300-400g 自营水果', '1', 0xe6aca2e4b990e69e9ce59bad20e59b9be5b79de5a4a7e58789e5b1b1e4bc9ae79086e79fb3e6a6b42036e7b292e8a38520e58d95e69e9ce7baa63330302d3430306720e887aae890a5e6b0b4e69e9c, null, '2000', '4350', '5800', null, '2000', '1', '0', '0', '/resources/upload/7783c589f8a14bb08b9a61c5904d2848.jpg', '2016-10-30 08:26:05', '1', '2016-10-30 08:26:05', '3'), ('983', '欢乐果园 福建维多丽特级红心蜜柚柚子 2粒 单果1.2-1.5kg 自营水果', '1', 0xe6aca2e4b990e69e9ce59bad20e7a68fe5bbbae7bbb4e5a49ae4b8bde789b9e7baa7e7baa2e5bf83e89c9ce69f9ae69f9ae5ad902032e7b29220e58d95e69e9c312e322d312e356b6720e887aae890a5e6b0b4e69e9c, null, '2000', '7200', '9600', null, '2000', '1', '0', '0', '/resources/upload/52b34dccf783404f85a2b8f6ca5e792c.jpg', '2016-10-30 08:26:05', '1', '2016-10-30 08:26:05', '3'), ('984', '欢乐果园 河北精选皇冠梨 6粒 单果240-270g 自营水果', '1', 0xe6aca2e4b990e69e9ce59bad20e6b2b3e58c97e7b2bee98089e79a87e586a0e6a2a82036e7b29220e58d95e69e9c3234302d3237306720e887aae890a5e6b0b4e69e9c, null, '2000', '3150', '4200', null, '2000', '1', '0', '0', '/resources/upload/0e5fa9c89b6540be9d808389c232de55.jpg', '2016-10-30 08:26:05', '1', '2016-10-30 08:26:05', '3'), ('985', '欢乐果园 福建平和白蜜柚柚子 2粒装 单果约0.9-1.25kg 自营水果', '1', 0xe6aca2e4b990e69e9ce59bad20e7a68fe5bbbae5b9b3e5928ce799bde89c9ce69f9ae69f9ae5ad902032e7b292e8a38520e58d95e69e9ce7baa6302e392d312e32356b6720e887aae890a5e6b0b4e69e9c, null, '2000', '2550', '3400', null, '2000', '1', '0', '0', '/resources/upload/fed859172535436d80c95141fd41ce2b.jpg', '2016-10-30 08:26:05', '1', '2016-10-30 08:26:05', '3'), ('986', '新疆水果 曾曾果园 库尔勒香梨 （果重约100-120g）新鲜特产 6个尝鲜装', '1', 0xe696b0e79686e6b0b4e69e9c20e69bbee69bbee69e9ce59bad20e5ba93e5b094e58b92e9a699e6a2a820efbc88e69e9ce9878de7baa63130302d31323067efbc89e696b0e9b29ce789b9e4baa72036e4b8aae5b09de9b29ce8a385, null, '2000', '1350', '1800', null, '2000', '1', '0', '0', '/resources/upload/86f45ae869f542d08c9da1ee68fc94e1.jpg', '2016-10-30 08:26:05', '1', '2016-10-30 08:26:05', '3'), ('987', '壹颗红心 苍溪红心猕猴桃奇异果 有机 8粒水果礼盒装 单果约90-100g 自营水果', '1', 0xe5a3b9e9a297e7baa2e5bf8320e88b8de6baaae7baa2e5bf83e78c95e78cb4e6a183e5a587e5bc82e69e9c20e69c89e69cba2038e7b292e6b0b4e69e9ce7a4bce79b92e8a38520e58d95e69e9ce7baa639302d3130306720e887aae890a5e6b0b4e69e9c, null, '2000', '10200', '13600', null, '2000', '1', '0', '0', '/resources/upload/96fac110aaed475daac15ae91ff06a6b.jpg', '2016-10-30 08:26:05', '1', '2016-10-30 08:26:05', '3'), ('988', '鲜百年  山东蓬莱富士 红富士 6个装 0.9~1.1kg 自营水果', '1', 0xe9b29ce799bee5b9b42020e5b1b1e4b89ce893ace88eb1e5af8ce5a3ab20e7baa2e5af8ce5a3ab2036e4b8aae8a38520302e397e312e316b6720e887aae890a5e6b0b4e69e9c, null, '2000', '2400', '3200', null, '2000', '1', '0', '0', '/resources/upload/e2c3b599d6044c92aa119bc2410067b7.jpg', '2016-10-30 08:26:05', '1', '2016-10-30 08:26:05', '3'), ('989', '鲜游记 西峡徐香猕猴桃 12粒 中果约80-100g', '1', 0xe9b29ce6b8b8e8aeb020e8a5bfe5b3a1e5be90e9a699e78c95e78cb4e6a183203132e7b29220e4b8ade69e9ce7baa638302d31303067, null, '2000', '4350', '5800', null, '2000', '1', '0', '0', '/resources/upload/16632bf875d74699b6924f8a840d2004.jpg', '2016-10-30 08:26:05', '1', '2016-10-30 08:26:05', '3'), ('990', '新鲜冬枣 1500g 礼盒装 大荔冬枣 水果礼盒    新鲜水果 冬枣 顺丰快递发货 3斤礼盒装', '1', 0xe696b0e9b29ce586ace69ea320313530306720e7a4bce79b92e8a38520e5a4a7e88d94e586ace69ea320e6b0b4e69e9ce7a4bce79b9220202020e696b0e9b29ce6b0b4e69e9c20e586ace69ea320e9a1bae4b8b0e5bfabe98092e58f91e8b4a72033e696a4e7a4bce79b92e8a385, null, '2000', '14700', '19600', null, '2000', '1', '0', '0', '/resources/upload/c05f7df2362d49399d78262637f03eb9.jpg', '2016-10-30 08:26:05', '1', '2016-10-30 08:26:05', '3'), ('991', '寻真水果 山东烟台栖霞红富士苹果16-24个 5kg 新鲜水果', '1', 0xe5afbbe79c9fe6b0b4e69e9c20e5b1b1e4b89ce7839fe58fb0e6a096e99c9ee7baa2e5af8ce5a3abe88bb9e69e9c31362d3234e4b8aa20356b6720e696b0e9b29ce6b0b4e69e9c, null, '2000', '7350', '9800', null, '2000', '1', '0', '0', '/resources/upload/2ad834a8448d4d839d9f1f64b6ee8fea.jpg', '2016-10-30 08:26:05', '1', '2016-10-30 08:26:05', '3'), ('992', '缤咕果园 海南红心火龙果6斤装约7个大果 红肉吉祥果新鲜水果', '1', 0xe7bca4e59295e69e9ce59bad20e6b5b7e58d97e7baa2e5bf83e781abe9be99e69e9c36e696a4e8a385e7baa637e4b8aae5a4a7e69e9c20e7baa2e88289e59089e7a5a5e69e9ce696b0e9b29ce6b0b4e69e9c, null, '2000', '9750', '13000', null, '2000', '1', '0', '0', '/resources/upload/b1600afee99a43cd83539acf67c65212.jpg', '2016-10-30 08:26:05', '1', '2016-10-30 08:26:05', '3'), ('993', '鲜游记 琯溪蜜白肉蜜柚 2个装 约2.5kg 福建平和新鲜柚子', '1', 0xe9b29ce6b8b8e8aeb020e790afe6baaae89c9ce799bde88289e89c9ce69f9a2032e4b8aae8a38520e7baa6322e356b6720e7a68fe5bbbae5b9b3e5928ce696b0e9b29ce69f9ae5ad90, null, '2000', '3600', '4800', null, '2000', '1', '0', '0', '/resources/upload/64ccd6b3061c4025bc26860171614e78.jpg', '2016-10-30 08:26:05', '1', '2016-10-30 08:26:05', '3'), ('994', '新鲜冬枣 1500g 礼盒装 大荔冬枣 水果礼盒    新鲜水果 冬枣 顺丰快递发货 5斤礼盒装', '1', 0xe696b0e9b29ce586ace69ea320313530306720e7a4bce79b92e8a38520e5a4a7e88d94e586ace69ea320e6b0b4e69e9ce7a4bce79b9220202020e696b0e9b29ce6b0b4e69e9c20e586ace69ea320e9a1bae4b8b0e5bfabe98092e58f91e8b4a72035e696a4e7a4bce79b92e8a385, null, '2000', '24000', '32000', null, '2000', '1', '0', '0', '/resources/upload/df93dc6afdcc46129519733d3d53fe1b.jpg', '2016-10-30 08:26:05', '1', '2016-10-30 08:26:05', '3'), ('995', '寻真水果 山东莱阳丰水梨黄金梨子 2.5kg 新鲜水果', '1', 0xe5afbbe79c9fe6b0b4e69e9c20e5b1b1e4b89ce88eb1e998b3e4b8b0e6b0b4e6a2a8e9bb84e98791e6a2a8e5ad9020322e356b6720e696b0e9b29ce6b0b4e69e9c, null, '2000', '3600', '4800', null, '2000', '1', '0', '0', '/resources/upload/22f0bbb7272448f3941a8c9a57148a39.jpg', '2016-10-30 08:26:05', '1', '2016-10-30 08:26:05', '3'), ('996', '缤咕果园 云南蒙自甜石榴 新鲜水果 散装10斤实惠装', '1', 0xe7bca4e59295e69e9ce59bad20e4ba91e58d97e89299e887aae7949ce79fb3e6a6b420e696b0e9b29ce6b0b4e69e9c20e695a3e8a3853130e696a4e5ae9ee683a0e8a385, null, '2000', '11250', '15000', null, '2000', '1', '0', '0', '/resources/upload/7dd89272867b463d9e00ed7536e527f0.jpg', '2016-10-30 08:26:05', '1', '2016-10-30 08:26:05', '3'), ('997', '百宝源 广西百香果大果 鸡蛋果 1.5kg 24个 西番莲 新鲜水果', '1', 0xe799bee5ae9de6ba9020e5b9bfe8a5bfe799bee9a699e69e9ce5a4a7e69e9c20e9b8a1e89b8be69e9c20312e356b67203234e4b8aa20e8a5bfe795aae88eb220e696b0e9b29ce6b0b4e69e9c, null, '2000', '5850', '7800', null, '2000', '1', '0', '0', '/resources/upload/65d82f9ffe9d47aba0338ad7ae5db663.jpg', '2016-10-30 08:26:05', '1', '2016-10-30 08:26:05', '3'), ('998', '百宝源 新疆阿克苏冰糖心苹果 红富士苹果水果 2.5kg(80-85mm)果', '1', 0xe799bee5ae9de6ba9020e696b0e79686e998bfe5858be88b8fe586b0e7b396e5bf83e88bb9e69e9c20e7baa2e5af8ce5a3abe88bb9e69e9ce6b0b4e69e9c20322e356b672838302d38356d6d29e69e9c, null, '2000', '8700', '11600', null, '2000', '1', '0', '0', '/resources/upload/abcff7741cf34fb09b4c0970cccf3cc5.jpg', '2016-10-30 08:26:05', '1', '2016-10-30 08:26:05', '3'), ('999', '密园小农  密云当地新鲜西红柿 约2kg 自然熟 沙瓤 新鲜蔬菜', '2', 0xe5af86e59bade5b08fe5869c2020e5af86e4ba91e5bd93e59cb0e696b0e9b29ce8a5bfe7baa2e69fbf20e7baa6326b6720e887aae784b6e7869f20e6b299e793a420e696b0e9b29ce894ace88f9c, null, '2000', '6750', '9000', null, '2000', '1', '0', '0', '/resources/upload/97812ce7d175451484ce43705ad6d5c3.jpg', '2016-10-30 12:25:54', '1', '2016-10-30 12:25:54', '3'), ('1000', '密园小农 密云当地新鲜圆生菜 球生菜 约500g 新鲜蔬菜', '2', 0xe5af86e59bade5b08fe5869c20e5af86e4ba91e5bd93e59cb0e696b0e9b29ce59c86e7949fe88f9c20e79083e7949fe88f9c20e7baa63530306720e696b0e9b29ce894ace88f9c, null, '2000', '2700', '3600', null, '2000', '1', '0', '0', '/resources/upload/975251f97af745eebfc764f9a0cfdc0b.jpg', '2016-10-30 12:25:55', '1', '2016-10-30 12:25:55', '3'), ('1001', '密园小农 新鲜西兰花 500g  当天采摘蔬菜', '2', 0xe5af86e59bade5b08fe5869c20e696b0e9b29ce8a5bfe585b0e88ab120353030672020e5bd93e5a4a9e98787e69198e894ace88f9c, null, '2000', '2100', '2800', null, '2000', '1', '0', '0', '/resources/upload/f55b147033d84497a54fd5c34c75e153.jpg', '2016-10-30 12:25:55', '1', '2016-10-30 12:25:55', '3'), ('1002', '密园小农 密云当地新鲜白萝卜 约500g 新鲜蔬菜', '2', 0xe5af86e59bade5b08fe5869c20e5af86e4ba91e5bd93e59cb0e696b0e9b29ce799bde8909de58d9c20e7baa63530306720e696b0e9b29ce894ace88f9c, null, '2000', '1800', '2400', null, '2000', '1', '0', '0', '/resources/upload/54f21981ff2d4ca48114165568942b62.jpg', '2016-10-30 12:25:55', '1', '2016-10-30 12:25:55', '3'), ('1003', '密园小农 新鲜胡萝卜 500g  密云本地胡萝卜当天配送蔬菜 1斤装', '2', 0xe5af86e59bade5b08fe5869c20e696b0e9b29ce883a1e8909de58d9c20353030672020e5af86e4ba91e69cace59cb0e883a1e8909de58d9ce5bd93e5a4a9e9858de98081e894ace88f9c2031e696a4e8a385, null, '2000', '1500', '2000', null, '2000', '1', '0', '0', '/resources/upload/32a59763fa4c48e4a6ee01f080664b96.jpg', '2016-10-30 12:25:55', '1', '2016-10-30 12:25:55', '3'), ('1004', '密农人家 甘薯南瓜 肉质甜糯 1250g ', '2', 0xe5af86e5869ce4babae5aeb620e79498e896afe58d97e7939c20e88289e8b4a8e7949ce7b3af20313235306720, null, '2000', '3750', '5000', null, '2000', '1', '0', '0', '/resources/upload/b2346a8175f9447e8e3a6dc87492d5bc.jpg', '2016-10-30 12:25:55', '1', '2016-10-30 12:25:55', '3'), ('1005', '密农人家   密云新鲜自然成熟 西红柿 番茄  蔬菜    500g', '2', 0xe5af86e5869ce4babae5aeb6202020e5af86e4ba91e696b0e9b29ce887aae784b6e68890e7869f20e8a5bfe7baa2e69fbf20e795aae88c842020e894ace88f9c2020202035303067, null, '2000', '1500', '2000', null, '2000', '1', '0', '0', '/resources/upload/44519a54228c41e8913932a755692911.jpg', '2016-10-30 12:25:55', '1', '2016-10-30 12:25:55', '3'), ('1006', '密农人家  密云本地 新鲜平菇 蘑菇 300g', '2', 0xe5af86e5869ce4babae5aeb62020e5af86e4ba91e69cace59cb020e696b0e9b29ce5b9b3e88f8720e89891e88f872033303067, null, '2000', '1500', '2000', null, '2000', '1', '0', '0', '/resources/upload/691368890fd241b4897906773362013e.jpg', '2016-10-30 12:25:55', '1', '2016-10-30 12:25:55', '3'), ('1007', ' 密农人家  密云露天 蔬菜 新鲜菠菜 现摘发货 300g', '2', 0x20e5af86e5869ce4babae5aeb62020e5af86e4ba91e99cb2e5a4a920e894ace88f9c20e696b0e9b29ce88fa0e88f9c20e78eb0e69198e58f91e8b4a72033303067, null, '2000', '1050', '1400', null, '2000', '1', '0', '0', '/resources/upload/a5457ecc8ea24f6b96bfca7c69504fc1.jpg', '2016-10-30 12:25:55', '1', '2016-10-30 12:25:55', '3'), ('1008', ' 密农人家   密云蔬菜 新鲜油菜应季蔬菜 北京当日达 300g', '2', 0x20e5af86e5869ce4babae5aeb6202020e5af86e4ba91e894ace88f9c20e696b0e9b29ce6b2b9e88f9ce5ba94e5ada3e894ace88f9c20e58c97e4baace5bd93e697a5e8bebe2033303067, null, '2000', '1050', '1400', null, '2000', '1', '0', '0', '/resources/upload/02a59a18dea24d1ea28c2c70191ad1a2.jpg', '2016-10-30 12:25:56', '1', '2016-10-30 12:25:56', '3'), ('1009', '密农人家   带泥藕 新鲜莲藕 蔬菜  400g', '2', 0xe5af86e5869ce4babae5aeb6202020e5b8a6e6b3a5e8979520e696b0e9b29ce88eb2e8979520e894ace88f9c202034303067, null, '2000', '1950', '2600', null, '2000', '1', '0', '0', '/resources/upload/916b62bdc93f4f8f9679e52de69da316.jpg', '2016-10-30 12:25:56', '1', '2016-10-30 12:25:56', '3'), ('1010', ' 密农人家  密云新鲜水果胡萝卜 手指胡萝卜  500g', '2', 0x20e5af86e5869ce4babae5aeb62020e5af86e4ba91e696b0e9b29ce6b0b4e69e9ce883a1e8909de58d9c20e6898be68c87e883a1e8909de58d9c202035303067, null, '2000', '1800', '2400', null, '2000', '1', '0', '0', '/resources/upload/d71a3b39702b4090b85f205edfcd4722.jpg', '2016-10-30 12:25:56', '1', '2016-10-30 12:25:56', '3'), ('1011', '密农人家 蔬菜 新鲜菜花 应季蔬菜 现摘发货  500g 买一送一', '2', 0xe5af86e5869ce4babae5aeb620e894ace88f9c20e696b0e9b29ce88f9ce88ab120e5ba94e5ada3e894ace88f9c20e78eb0e69198e58f91e8b4a720203530306720e4b9b0e4b880e98081e4b880, null, '2000', '1800', '2400', null, '2000', '1', '0', '0', '/resources/upload/dd9a09e21b37418792a7ff6969755982.jpg', '2016-10-30 12:25:56', '1', '2016-10-30 12:25:56', '3'), ('1012', '密农人家 葱头 洋葱 新鲜蔬菜 500g', '2', 0xe5af86e5869ce4babae5aeb620e891b1e5a4b420e6b48be891b120e696b0e9b29ce894ace88f9c2035303067, null, '2000', '1800', '2400', null, '2000', '1', '0', '0', '/resources/upload/700d147ea6c54c30a2fd0fe6fb0a09d0.jpg', '2016-10-30 12:25:56', '1', '2016-10-30 12:25:56', '3'), ('1013', ' 密农人家 柿子椒 新鲜蔬菜 500g', '2', 0x20e5af86e5869ce4babae5aeb620e69fbfe5ad90e6a49220e696b0e9b29ce894ace88f9c2035303067, null, '2000', '1650', '2200', null, '2000', '1', '0', '0', '/resources/upload/ffba6f54e3114d8ea8008a31ce607add.jpg', '2016-10-30 12:25:56', '1', '2016-10-30 12:25:56', '3'), ('1014', ' 密农人家   密云农家 长茄子 新鲜蔬菜 自然成熟 现摘发货 400g', '2', 0x20e5af86e5869ce4babae5aeb6202020e5af86e4ba91e5869ce5aeb620e995bfe88c84e5ad9020e696b0e9b29ce894ace88f9c20e887aae784b6e68890e7869f20e78eb0e69198e58f91e8b4a72034303067, null, '2000', '1350', '1800', null, '2000', '1', '0', '0', '/resources/upload/9e8541d3463b49a59bcc6e1742b313d2.jpg', '2016-10-30 12:25:56', '1', '2016-10-30 12:25:56', '3'), ('1015', '密农人家 密云现摘 七寸黄瓜 北京当日达 新鲜蔬菜  500g', '2', 0xe5af86e5869ce4babae5aeb620e5af86e4ba91e78eb0e6919820e4b883e5afb8e9bb84e7939c20e58c97e4baace5bd93e697a5e8bebe20e696b0e9b29ce894ace88f9c202035303067, null, '2000', '1800', '2400', null, '2000', '1', '0', '0', '/resources/upload/a0edcc836031461f9715172c8cb1b4e4.jpg', '2016-10-30 12:25:56', '1', '2016-10-30 12:25:56', '3'), ('1016', '东升农场 红菜头套餐 2.5KG 精品甜菜根新鲜配送', '2', 0xe4b89ce58d87e5869ce59cba20e7baa2e88f9ce5a4b4e5a597e9a49020322e354b4720e7b2bee59381e7949ce88f9ce6a0b9e696b0e9b29ce9858de98081, null, '2000', '7350', '9800', null, '2000', '1', '0', '0', '/resources/upload/5ce6eaf5532f488e91cf282841dfd6b6.jpg', '2016-10-30 12:25:56', '1', '2016-10-30 12:25:56', '3'), ('1017', '东升农场 生菜 1份 300g 无公害意大利生菜新鲜配送', '2', 0xe4b89ce58d87e5869ce59cba20e7949fe88f9c2031e4bbbd203330306720e697a0e585ace5aeb3e6848fe5a4a7e588a9e7949fe88f9ce696b0e9b29ce9858de98081, null, '2000', '1800', '2400', null, '2000', '1', '0', '0', '/resources/upload/78c89990ee794bdda0c92d948dae0ea3.jpg', '2016-10-30 12:25:56', '1', '2016-10-30 12:25:56', '3'), ('1018', '东升农场  莲藕 1份  800G 精品新鲜配送', '2', 0xe4b89ce58d87e5869ce59cba2020e88eb2e897952031e4bbbd20203830304720e7b2bee59381e696b0e9b29ce9858de98081, null, '2000', '3600', '4800', null, '2000', '1', '0', '0', '/resources/upload/bd931f1c267e439c8ac8f14f2515fa26.jpg', '2016-10-30 12:25:56', '1', '2016-10-30 12:25:56', '3'), ('1019', '东升农场 心里美萝卜 1份 500g 精品新鲜配送', '2', 0xe4b89ce58d87e5869ce59cba20e5bf83e9878ce7be8ee8909de58d9c2031e4bbbd203530306720e7b2bee59381e696b0e9b29ce9858de98081, null, '2000', '1500', '2000', null, '2000', '1', '0', '0', '/resources/upload/a25d635b4c9b41698100c81989c0d9aa.jpg', '2016-10-30 12:25:56', '1', '2016-10-30 12:25:56', '3'), ('1020', '东升农场 娃娃菜 1份 400g 精品新鲜配送', '2', 0xe4b89ce58d87e5869ce59cba20e5a883e5a883e88f9c2031e4bbbd203430306720e7b2bee59381e696b0e9b29ce9858de98081, null, '2000', '2250', '3000', null, '2000', '1', '0', '0', '/resources/upload/d49a2088a67e47a7a8a572c57eb87d1b.jpg', '2016-10-30 12:25:56', '1', '2016-10-30 12:25:56', '3'), ('1021', '东升农场 黄洋葱 1份 500g 精品新鲜配送', '2', 0xe4b89ce58d87e5869ce59cba20e9bb84e6b48be891b12031e4bbbd203530306720e7b2bee59381e696b0e9b29ce9858de98081, null, '2000', '1350', '1800', null, '2000', '1', '0', '0', '/resources/upload/352aec839f2f4666975969d334663748.jpg', '2016-10-30 12:25:56', '1', '2016-10-30 12:25:56', '3'), ('1022', '东升农场 西葫芦 1份 500g 精品云南小瓜新鲜配送', '2', 0xe4b89ce58d87e5869ce59cba20e8a5bfe891abe88aa62031e4bbbd203530306720e7b2bee59381e4ba91e58d97e5b08fe7939ce696b0e9b29ce9858de98081, null, '2000', '1500', '2000', null, '2000', '1', '0', '0', '/resources/upload/653046cf4c9c418dbffc847d92ec29bf.jpg', '2016-10-30 12:25:56', '1', '2016-10-30 12:25:56', '3'), ('1023', '东升农场 紫甘蓝 1份 800g 精品紫椰菜新鲜配送', '2', 0xe4b89ce58d87e5869ce59cba20e7b4abe79498e8939d2031e4bbbd203830306720e7b2bee59381e7b4abe6a4b0e88f9ce696b0e9b29ce9858de98081, null, '2000', '2250', '3000', null, '2000', '1', '0', '0', '/resources/upload/a7ad4eb5398e4511b313ebf67a593e3d.jpg', '2016-10-30 12:25:56', '1', '2016-10-30 12:25:56', '3'), ('1024', '东升农场 黄秋葵 1份 200g 精品新鲜配送', '2', 0xe4b89ce58d87e5869ce59cba20e9bb84e7a78be891b52031e4bbbd203230306720e7b2bee59381e696b0e9b29ce9858de98081, null, '2000', '1200', '1600', null, '2000', '1', '0', '0', '/resources/upload/330b29cbf57b4d3799d7ef3fcfa339fe.jpg', '2016-10-30 12:25:57', '1', '2016-10-30 12:25:57', '3'), ('1025', '密园小农 新鲜土豆 500g  马铃薯  新鲜蔬菜 密云本地种植', '2', 0xe5af86e59bade5b08fe5869c20e696b0e9b29ce59c9fe8b18620353030672020e9a9ace99383e896af2020e696b0e9b29ce894ace88f9c20e5af86e4ba91e69cace59cb0e7a78de6a48d, null, '2000', '1350', '1800', null, '2000', '1', '0', '0', '/resources/upload/2e05bef3d318498b8d0285b87d1f391a.jpg', '2016-10-30 12:25:57', '1', '2016-10-30 12:25:57', '3'), ('1026', '密园小农 农家柴鸡蛋  20枚装 约1kg 土鸡蛋 笨鸡蛋 新鲜鸡蛋', '2', 0xe5af86e59bade5b08fe5869c20e5869ce5aeb6e69fb4e9b8a1e89b8b20203230e69e9ae8a38520e7baa6316b6720e59c9fe9b8a1e89b8b20e7aca8e9b8a1e89b8b20e696b0e9b29ce9b8a1e89b8b, null, '2000', '6300', '8400', null, '2000', '1', '0', '0', '/resources/upload/75b9ac0998ee4660a7e6cf12c7879845.jpg', '2016-10-30 12:25:57', '1', '2016-10-30 12:25:57', '3'), ('1027', ' 密农人家  山地散养鸡蛋 乌鸡蛋 绿壳鸡蛋 土鸡蛋   一枚', '2', 0x20e5af86e5869ce4babae5aeb62020e5b1b1e59cb0e695a3e585bbe9b8a1e89b8b20e4b98ce9b8a1e89b8b20e7bbbfe5a3b3e9b8a1e89b8b20e59c9fe9b8a1e89b8b202020e4b880e69e9a, null, '2000', '300', '400', null, '2000', '1', '0', '0', '/resources/upload/a273ac980ab545809f2c53a7b93ece38.jpg', '2016-10-30 12:25:57', '1', '2016-10-30 12:25:57', '3'), ('1028', '快食尚 北京密云散养土鸡蛋新鲜鸡蛋  20枚 约1kg 柴鸡蛋 草鸡蛋 笨鸡蛋', '2', 0xe5bfabe9a39fe5b09a20e58c97e4baace5af86e4ba91e695a3e585bbe59c9fe9b8a1e89b8be696b0e9b29ce9b8a1e89b8b20203230e69e9a20e7baa6316b6720e69fb4e9b8a1e89b8b20e88d89e9b8a1e89b8b20e7aca8e9b8a1e89b8b, null, '2000', '6900', '9200', null, '2000', '1', '0', '0', '/resources/upload/40ed8bc0990940ecb115d68e40816508.jpg', '2016-10-30 12:25:57', '1', '2016-10-30 12:25:57', '3'), ('1029', '密农人家 散养 农家土鸡蛋 20枚 约1kg 土鸡蛋 柴鸡蛋 笨鸡蛋', '2', 0xe5af86e5869ce4babae5aeb620e695a3e585bb20e5869ce5aeb6e59c9fe9b8a1e89b8b203230e69e9a20e7baa6316b6720e59c9fe9b8a1e89b8b20e69fb4e9b8a1e89b8b20e7aca8e9b8a1e89b8b, null, '2000', '7200', '9600', null, '2000', '1', '0', '0', '/resources/upload/e4648d2557cf459c9c17f7c9b4725309.jpg', '2016-10-30 12:25:57', '1', '2016-10-30 12:25:57', '3'), ('1030', '农谣 新鲜散养虫草土鸡蛋30枚 草鸡蛋 约1.6kg 礼盒装', '2', 0xe5869ce8b0a320e696b0e9b29ce695a3e585bbe899abe88d89e59c9fe9b8a1e89b8b3330e69e9a20e88d89e9b8a1e89b8b20e7baa6312e366b6720e7a4bce79b92e8a385, null, '2000', '9150', '12200', null, '2000', '1', '0', '0', '/resources/upload/e91b28eab2064e26975f871e249444e4.jpg', '2016-10-30 12:25:57', '1', '2016-10-30 12:25:57', '3'), ('1031', '密园小农 农家柴鸡蛋 10枚装 约0.5kg 土鸡蛋 笨鸡蛋 新鲜鸡蛋', '2', 0xe5af86e59bade5b08fe5869c20e5869ce5aeb6e69fb4e9b8a1e89b8b203130e69e9ae8a38520e7baa6302e356b6720e59c9fe9b8a1e89b8b20e7aca8e9b8a1e89b8b20e696b0e9b29ce9b8a1e89b8b, null, '2000', '3600', '4800', null, '2000', '1', '0', '0', '/resources/upload/60b0985496d4449db8dc32a3862476bc.jpg', '2016-10-30 12:25:57', '1', '2016-10-30 12:25:57', '3'), ('1032', '农谣 农家散养土鸡蛋 40枚装 约2.1kg 柴鸡蛋 新鲜鸡蛋 40枚草鸡蛋', '2', 0xe5869ce8b0a320e5869ce5aeb6e695a3e585bbe59c9fe9b8a1e89b8b203430e69e9ae8a38520e7baa6322e316b6720e69fb4e9b8a1e89b8b20e696b0e9b29ce9b8a1e89b8b203430e69e9ae88d89e9b8a1e89b8b, null, '2000', '11700', '15600', null, '2000', '1', '0', '0', '/resources/upload/4e488bad48fe43fc8afa36f02e41ec6c.jpg', '2016-10-30 12:25:57', '1', '2016-10-30 12:25:57', '3'), ('1033', '德青源爱的鲜鸡蛋32枚 纯粮养鸡 清洁鸡蛋破损包赔', '2', 0xe5beb7e99d92e6ba90e788b1e79a84e9b29ce9b8a1e89b8b3332e69e9a20e7baafe7b2aee585bbe9b8a120e6b885e6b481e9b8a1e89b8be7a0b4e68d9fe58c85e8b594, null, '2000', '5400', '7200', null, '2000', '1', '0', '0', '/resources/upload/ccf7b68c0ec44d18b8eeb70d564e469a.jpg', '2016-10-30 12:25:57', '1', '2016-10-30 12:25:57', '3'), ('1034', '德青源爱的宝宝初产鲜鸡蛋16枚/盒 两到三天产一枚', '2', 0xe5beb7e99d92e6ba90e788b1e79a84e5ae9de5ae9de5889de4baa7e9b29ce9b8a1e89b8b3136e69e9a2fe79b9220e4b8a4e588b0e4b889e5a4a9e4baa7e4b880e69e9a, null, '2000', '8850', '11800', null, '2000', '1', '0', '0', '/resources/upload/3855cbaed4e34ebfa0f8a6c956ea91e2.jpg', '2016-10-30 12:25:57', '1', '2016-10-30 12:25:57', '3'), ('1035', '田园居 林下散养土鸡蛋12枚柴鸡蛋笨鸡蛋草鸡蛋 480g', '2', 0xe794b0e59bade5b18520e69e97e4b88be695a3e585bbe59c9fe9b8a1e89b8b3132e69e9ae69fb4e9b8a1e89b8be7aca8e9b8a1e89b8be88d89e9b8a1e89b8b2034383067, null, '2000', '2850', '3800', null, '2000', '1', '0', '0', '/resources/upload/172a9a5f2fae44d5a96cf05f2cf542d8.jpg', '2016-10-30 12:25:57', '1', '2016-10-30 12:25:57', '3'), ('1036', '洪门 有机土鸡蛋 6枚礼盒装 240克 农场新鲜直发', '2', 0xe6b4aae997a820e69c89e69cbae59c9fe9b8a1e89b8b2036e69e9ae7a4bce79b92e8a38520323430e5858b20e5869ce59cbae696b0e9b29ce79bb4e58f91, null, '2000', '1800', '2400', null, '2000', '1', '0', '0', '/resources/upload/b43e0bdc0aa14aafa1ef352f7f247116.jpg', '2016-10-30 12:25:57', '1', '2016-10-30 12:25:57', '3'), ('1037', '密园小农 农家绿壳乌鸡蛋 40枚 约2kg 土鸡蛋', '2', 0xe5af86e59bade5b08fe5869c20e5869ce5aeb6e7bbbfe5a3b3e4b98ce9b8a1e89b8b203430e69e9a20e7baa6326b6720e59c9fe9b8a1e89b8b, null, '2000', '14700', '19600', null, '2000', '1', '0', '0', '/resources/upload/2e3d23434858455491f836b820bc8788.jpg', '2016-10-30 12:25:57', '1', '2016-10-30 12:25:57', '3'), ('1038', '快食尚 北京散养水鸭 青色绿色鸭蛋 农家新鲜鸭蛋 生鸭蛋 土鸭蛋 鲜鸭蛋  20枚装', '2', 0xe5bfabe9a39fe5b09a20e58c97e4baace695a3e585bbe6b0b4e9b8ad20e99d92e889b2e7bbbfe889b2e9b8ade89b8b20e5869ce5aeb6e696b0e9b29ce9b8ade89b8b20e7949fe9b8ade89b8b20e59c9fe9b8ade89b8b20e9b29ce9b8ade89b8b20203230e69e9ae8a385, null, '2000', '9000', '12000', null, '2000', '1', '0', '0', '/resources/upload/0e9e2ccc551e4f5eb00275e4f94d43c6.jpg', '2016-10-30 12:25:57', '1', '2016-10-30 12:25:57', '3'), ('1039', '田园居 林下散养土鸡蛋30枚柴鸡蛋笨鸡蛋 1.2kg ', '2', 0xe794b0e59bade5b18520e69e97e4b88be695a3e585bbe59c9fe9b8a1e89b8b3330e69e9ae69fb4e9b8a1e89b8be7aca8e9b8a1e89b8b20312e326b6720, null, '2000', '5850', '7800', null, '2000', '1', '0', '0', '/resources/upload/fd0e842952e843f88467d39afbd6e002.jpg', '2016-10-30 12:25:57', '1', '2016-10-30 12:25:57', '3'), ('1040', '兰皇 可生食生鲜鸡蛋 30枚 1.8kg', '2', 0xe585b0e79a8720e58fafe7949fe9a39fe7949fe9b29ce9b8a1e89b8b203330e69e9a20312e386b67, null, '2000', '13350', '17800', null, '2000', '1', '0', '0', '/resources/upload/9e0862130e614feb96db8c1acc4f6c4d.jpg', '2016-10-30 12:25:57', '1', '2016-10-30 12:25:57', '3'), ('1041', '洪门 有机土鸡蛋20枚*2礼盒装 1.6千克 农家柴鸡蛋 深山生态散养', '2', 0xe6b4aae997a820e69c89e69cbae59c9fe9b8a1e89b8b3230e69e9a2a32e7a4bce79b92e8a38520312e36e58d83e5858b20e5869ce5aeb6e69fb4e9b8a1e89b8b20e6b7b1e5b1b1e7949fe68081e695a3e585bb, null, '2000', '9300', '12400', null, '2000', '1', '0', '0', '/resources/upload/49a19606ce064448a3ad5487963e79ea.jpg', '2016-10-30 12:25:57', '1', '2016-10-30 12:25:57', '3'), ('1042', '光阳(goosun)乌鸡蛋30枚装 新鲜鸡蛋 营养健康  新鲜食品GYWJD30', '2', 0xe58589e998b328676f6f73756e29e4b98ce9b8a1e89b8b3330e69e9ae8a38520e696b0e9b29ce9b8a1e89b8b20e890a5e585bbe581a5e5bab72020e696b0e9b29ce9a39fe593814759574a443330, null, '2000', '12900', '17200', null, '2000', '1', '0', '0', '/resources/upload/e0a75e3ce7fe47f7a03ff8b9f8a9bf8d.jpg', '2016-10-30 12:25:57', '1', '2016-10-30 12:25:57', '3'), ('1043', '密园小农  散养土鸡蛋 30枚 约1.5kg 鲜鸡蛋 柴鸡蛋 笨鸡蛋', '2', 0xe5af86e59bade5b08fe5869c2020e695a3e585bbe59c9fe9b8a1e89b8b203330e69e9a20e7baa6312e356b6720e9b29ce9b8a1e89b8b20e69fb4e9b8a1e89b8b20e7aca8e9b8a1e89b8b, null, '2000', '8400', '11200', null, '2000', '1', '0', '0', '/resources/upload/1c19f991d1ad491191bfcba6faf33a10.jpg', '2016-10-30 12:25:57', '1', '2016-10-30 12:25:57', '3'), ('1044', '天霖 新鲜鹅蛋 初生蛋草鹅蛋 农家散养5枚装', '2', 0xe5a4a9e99c9620e696b0e9b29ce9b985e89b8b20e5889de7949fe89b8be88d89e9b985e89b8b20e5869ce5aeb6e695a3e585bb35e69e9ae8a385, null, '2000', '7350', '9800', null, '2000', '1', '0', '0', '/resources/upload/a41cb91cda56430a9f7b951d7fdf37e6.jpg', '2016-10-30 12:25:57', '1', '2016-10-30 12:25:57', '3'), ('1045', '聚怀斋 野鸡蛋20枚/30枚可选 七彩山鸡蛋散养野鸡蛋新鲜土鸡蛋农家草鸡蛋 20枚', '2', 0xe8819ae68080e6968b20e9878ee9b8a1e89b8b3230e69e9a2f3330e69e9ae58fafe9808920e4b883e5bda9e5b1b1e9b8a1e89b8be695a3e585bbe9878ee9b8a1e89b8be696b0e9b29ce59c9fe9b8a1e89b8be5869ce5aeb6e88d89e9b8a1e89b8b203230e69e9a, null, '2000', '6750', '9000', null, '2000', '1', '0', '0', '/resources/upload/706619fb20684db4a3e1ef783deca1cc.jpg', '2016-10-30 12:25:57', '1', '2016-10-30 12:25:57', '3'), ('1046', '密农人家 散养 农家土鸡蛋 30枚 约1.5kg 土鸡蛋 柴鸡蛋 笨鸡蛋', '2', 0xe5af86e5869ce4babae5aeb620e695a3e585bb20e5869ce5aeb6e59c9fe9b8a1e89b8b203330e69e9a20e7baa6312e356b6720e59c9fe9b8a1e89b8b20e69fb4e9b8a1e89b8b20e7aca8e9b8a1e89b8b, null, '2000', '8100', '10800', null, '2000', '1', '0', '0', '/resources/upload/d121017482bd48389ed961120a82f94b.jpg', '2016-10-30 12:25:57', '1', '2016-10-30 12:25:57', '3'), ('1047', '田园居 40枚土鸡蛋草鸡蛋笨鸡蛋走心礼盒装 1.6kg', '2', 0xe794b0e59bade5b185203430e69e9ae59c9fe9b8a1e89b8be88d89e9b8a1e89b8be7aca8e9b8a1e89b8be8b5b0e5bf83e7a4bce79b92e8a38520312e366b67, null, '2000', '8250', '11000', null, '2000', '1', '0', '0', '/resources/upload/0c419968d9f84270a931f7fcada739dc.jpg', '2016-10-30 12:25:57', '1', '2016-10-30 12:25:57', '3'), ('1048', '牛栏湖NLH 自然放养土鸭蛋鲜鸭蛋生鸭蛋 10枚装 约650g 10枚/盒', '2', 0xe7899be6a08fe6b9964e4c4820e887aae784b6e694bee585bbe59c9fe9b8ade89b8be9b29ce9b8ade89b8be7949fe9b8ade89b8b203130e69e9ae8a38520e7baa636353067203130e69e9a2fe79b92, null, '2000', '3750', '5000', null, '2000', '1', '0', '0', '/resources/upload/1494d0574e6e4e3590de70be43e9cafe.jpg', '2016-10-30 12:25:57', '1', '2016-10-30 12:25:57', '3'), ('1049', '密园小农 水库散养新鲜柴鹅蛋 12枚装 约1.5kg 农家散养鲜鹅蛋 土鹅蛋 ', '2', 0xe5af86e59bade5b08fe5869c20e6b0b4e5ba93e695a3e585bbe696b0e9b29ce69fb4e9b985e89b8b203132e69e9ae8a38520e7baa6312e356b6720e5869ce5aeb6e695a3e585bbe9b29ce9b985e89b8b20e59c9fe9b985e89b8b20, null, '2000', '18000', '24000', null, '2000', '1', '0', '0', '/resources/upload/4954a09f444a4347ad5c26c00fc4f509.jpg', '2016-10-30 12:25:58', '1', '2016-10-30 12:25:58', '3'), ('1050', '天霖  新鲜鸽子蛋 30枚  农家散养土鸽子蛋', '2', 0xe5a4a9e99c962020e696b0e9b29ce9b8bde5ad90e89b8b203330e69e9a2020e5869ce5aeb6e695a3e585bbe59c9fe9b8bde5ad90e89b8b, null, '2000', '20700', '27600', null, '2000', '1', '0', '0', '/resources/upload/3a3e7ac84b9d47639c601085adc8b988.jpg', '2016-10-30 12:25:58', '1', '2016-10-30 12:25:58', '3'), ('1051', '农谣 新鲜散养虫草土鸡蛋20枚 草鸡蛋 约1.4 礼盒装', '2', 0xe5869ce8b0a320e696b0e9b29ce695a3e585bbe899abe88d89e59c9fe9b8a1e89b8b3230e69e9a20e88d89e9b8a1e89b8b20e7baa6312e3420e7a4bce79b92e8a385, null, '2000', '6900', '9200', null, '2000', '1', '0', '0', '/resources/upload/863954b11a0e477bb0af63d14ebfa09e.jpg', '2016-10-30 12:25:58', '1', '2016-10-30 12:25:58', '3'), ('1052', '快食尚 北京密云散养土鸡蛋新鲜鸡蛋  40枚 约2kg 柴鸡蛋 草鸡蛋 笨鸡蛋', '2', 0xe5bfabe9a39fe5b09a20e58c97e4baace5af86e4ba91e695a3e585bbe59c9fe9b8a1e89b8be696b0e9b29ce9b8a1e89b8b20203430e69e9a20e7baa6326b6720e69fb4e9b8a1e89b8b20e88d89e9b8a1e89b8b20e7aca8e9b8a1e89b8b, null, '2000', '8700', '11600', null, '2000', '1', '0', '0', '/resources/upload/cf2971078a894b4997ec5bd44599b92a.jpg', '2016-10-30 12:25:58', '1', '2016-10-30 12:25:58', '3'), ('1053', '德青源爱的鲜鸡蛋64枚装 发两盒32枚 清洁鸡蛋破损包赔', '2', 0xe5beb7e99d92e6ba90e788b1e79a84e9b29ce9b8a1e89b8b3634e69e9ae8a38520e58f91e4b8a4e79b923332e69e9a20e6b885e6b481e9b8a1e89b8be7a0b4e68d9fe58c85e8b594, null, '2000', '9300', '12400', null, '2000', '1', '0', '0', '/resources/upload/f7815c07a32641268c3c764646832995.jpg', '2016-10-30 12:25:58', '1', '2016-10-30 12:25:58', '3'), ('1054', '田园居 80枚土鸡蛋草鸡蛋笨鸡蛋贴心礼盒装 3.2kg', '2', 0xe794b0e59bade5b185203830e69e9ae59c9fe9b8a1e89b8be88d89e9b8a1e89b8be7aca8e9b8a1e89b8be8b4b4e5bf83e7a4bce79b92e8a38520332e326b67, null, '2000', '23700', '31600', null, '2000', '1', '0', '0', '/resources/upload/c24782348ae14b48a7002debe924e1a2.jpg', '2016-10-30 12:25:58', '1', '2016-10-30 12:25:58', '3');
COMMIT;

-- ----------------------------
--  Table structure for `product_category`
-- ----------------------------
DROP TABLE IF EXISTS `product_category`;
CREATE TABLE `product_category` (
  `id` int(4) NOT NULL AUTO_INCREMENT,
  `name` varchar(50) COLLATE utf8_bin DEFAULT NULL,
  `sort_order` int(4) DEFAULT NULL,
  `description` text COLLATE utf8_bin,
  `image` varchar(255) COLLATE utf8_bin DEFAULT NULL,
  `update_time` datetime DEFAULT NULL,
  `update_user_id` int(5) DEFAULT NULL,
  PRIMARY KEY (`id`)
) ENGINE=InnoDB AUTO_INCREMENT=13 DEFAULT CHARSET=utf8 COLLATE=utf8_bin;

-- ----------------------------
--  Records of `product_category`
-- ----------------------------
BEGIN;
INSERT INTO `product_category` VALUES ('1', '水果类', '1', 0xe8aea1e7ae97e69cbae8afade8a880efbc88436f6d7075746572204c616e6775616765efbc89e68c87e794a8e4ba8ee4babae4b88ee8aea1e7ae97e69cbae4b98be997b4e9809ae8aeafe79a84e8afade8a880e38082e8aea1e7ae97e69cbae8afade8a880e698afe4babae4b88ee8aea1e7ae97e69cbae4b98be997b4e4bca0e98092e4bfa1e681afe79a84e5aa92e4bb8be38082e8aea1e7ae97e69cbae7b3bbe7bb9fe69c80e5a4a7e789b9e5be81e698afe68c87e4bba4e9809ae8bf87e4b880e7a78de8afade8a880e4bca0e8bebee7bb99e69cbae599a8e38082e4b8bae4ba86e4bdbfe794b5e5ad90e8aea1e7ae97e69cbae8bf9be8a18ce59084e7a78de5b7a5e4bd9cefbc8ce5b0b1e99c80e8a681e69c89e4b880e5a597e794a8e4bba5e7bc96e58699e8aea1e7ae97e69cbae7a88be5ba8fe79a84e695b0e5ad97e38081e5ad97e7aca6e5928ce8afade6b395e8a784e58892efbc8ce794b1e8bf99e4ba9be5ad97e7aca6e5928ce8afade6b395e8a784e58899e7bb84e68890e8aea1e7ae97e69cbae59084e7a78de68c87e4bba4efbc88e68896e59084e7a78de8afade58fa5efbc89e38082e8bf99e4ba9be5b0b1e698afe8aea1e7ae97e69cbae883bde68ea5e58f97e79a84e8afade8a880e38082, '', '2016-10-27 16:01:10', '3'), ('2', '蔬菜蛋类', '2', 0x31, '', '2016-10-27 18:07:17', '3'), ('10', '肉禽类', '3', 0x32, '/resources/upload/7b3e182cbfd7408d92bc043c65754d8b.png', '2016-10-31 14:24:33', '3'), ('12', '测试分类', '11', '', '', '2016-10-31 14:26:15', '3');
COMMIT;

-- ----------------------------
--  Table structure for `product_image`
-- ----------------------------
DROP TABLE IF EXISTS `product_image`;
CREATE TABLE `product_image` (
  `id` int(5) NOT NULL AUTO_INCREMENT,
  `product_id` int(5) NOT NULL,
  `url` varchar(255) COLLATE utf8_bin DEFAULT NULL,
  `explain` text COLLATE utf8_bin,
  `update_time` datetime DEFAULT NULL,
  `update_user_id` int(5) DEFAULT NULL,
  PRIMARY KEY (`id`)
) ENGINE=InnoDB AUTO_INCREMENT=14 DEFAULT CHARSET=utf8 COLLATE=utf8_bin;

-- ----------------------------
--  Records of `product_image`
-- ----------------------------
BEGIN;
INSERT INTO `product_image` VALUES ('1', '1', 'http://img14.360buyimg.com/n1/17094/9c2d8955-0f3e-423d-92c3-a5982fe0595b.jpg', 0x4a617661e7bc96e7a88be6809de683b3efbc88e7acac34e78988efbc89, '2016-10-24 16:31:21', '2'), ('2', '1', 'http://img14.360buyimg.com/n1/jfs/t2191/111/699154754/198998/32d7bfe0/5624b582Nbc01af5b.jpg', 0x4a617661e7bc96e7a88be6809de683b3efbc88e7acac34e78988efbc89, '2016-10-24 16:31:52', '2'), ('3', '1', 'http://img14.360buyimg.com/n1/jfs/t1969/74/1911288203/150301/3b81882c/5680a9a8Nc0d5ae59.jpg', 0x4a617661e7bc96e7a88be6809de683b3efbc88e7acac34e78988efbc89, '2016-10-24 16:33:03', '2'), ('4', '1', 'http://img14.360buyimg.com/n1/jfs/t2416/164/1801109190/139051/e8b28e07/5680a9adN3c53788c.jpg', 0x4a617661e7bc96e7a88be6809de683b3efbc88e7acac34e78988efbc89, '2016-10-24 16:33:38', '2'), ('5', '1', 'http://img14.360buyimg.com/n1/jfs/t2272/188/1798625467/88351/26b91f20/5680a9b0Na4a23da3.jpg', 0x4a617661e7bc96e7a88be6809de683b3efbc88e7acac34e78988efbc89, '2016-10-24 16:34:15', '2'), ('6', '2', 'http://img12.360buyimg.com/n1/jfs/t766/42/347764079/292212/7f849eb5/54a3536bN34e91b95.jpg', 0x4323e9ab98e7baa7e7bc96e7a88befbc88e7acac39e78988efbc8920432320352e302026202e4e455420342e352e31, '2016-10-24 16:39:35', '2'), ('7', '2', 'http://img12.360buyimg.com/n1/jfs/t760/361/344498043/199657/1c7d46c7/54a3a655N7b920c50.jpg', 0x4323e9ab98e7baa7e7bc96e7a88befbc88e7acac39e78988efbc8920432320352e302026202e4e455420342e352e31, '2016-10-24 16:39:37', '2'), ('8', '2', 'http://img12.360buyimg.com/n5/jfs/t2380/153/2094859540/240756/59dcc45a/56a064f1N52c1ce56.jpg', 0x4323e9ab98e7baa7e7bc96e7a88befbc88e7acac39e78988efbc8920432320352e302026202e4e455420342e352e31, '2016-10-24 16:39:40', '2'), ('9', '2', 'http://img12.360buyimg.com/n1/jfs/t2242/11/1458899572/227082/52b76732/56a06504Nb48c1bf3.jpg', 0x4323e9ab98e7baa7e7bc96e7a88befbc88e7acac39e78988efbc8920432320352e302026202e4e455420342e352e31, '2016-10-24 16:39:44', '2'), ('10', '2', 'http://img12.360buyimg.com/n1/jfs/t2521/288/1276970647/234174/e12bc701/56a064fdNc84a1cba.jpg', 0x4323e9ab98e7baa7e7bc96e7a88befbc88e7acac39e78988efbc8920432320352e302026202e4e455420342e352e31, '2016-10-24 16:39:46', '2');
COMMIT;

-- ----------------------------
--  Table structure for `user`
-- ----------------------------
DROP TABLE IF EXISTS `user`;
CREATE TABLE `user` (
  `id` int(5) NOT NULL AUTO_INCREMENT,
  `user_name` varchar(50) COLLATE utf8_bin NOT NULL,
  `pwd` varchar(100) COLLATE utf8_bin NOT NULL,
  `nickname` varchar(50) COLLATE utf8_bin DEFAULT NULL,
  `email` varchar(50) COLLATE utf8_bin DEFAULT NULL,
  `enabled` int(2) NOT NULL DEFAULT '0',
  `open_id` varchar(50) COLLATE utf8_bin DEFAULT NULL,
  `oauth_type` varchar(50) COLLATE utf8_bin DEFAULT NULL,
  `image` varchar(255) COLLATE utf8_bin DEFAULT NULL,
  `last_login_time` datetime DEFAULT NULL,
  `register_time` datetime DEFAULT NULL,
  PRIMARY KEY (`id`),
  UNIQUE KEY `user_name` (`user_name`)
) ENGINE=InnoDB AUTO_INCREMENT=123510 DEFAULT CHARSET=utf8 COLLATE=utf8_bin;

-- ----------------------------
--  Records of `user`
-- ----------------------------
BEGIN;
INSERT INTO `user` VALUES ('1', 'Leo', 'caf1a3dfb505ffed0d024130f58c5cfa', 'Erase_Leo', 'erase_liu@yahoo.com', '1', '34k63b5aa765d61d8327deb882cf99', 'QQ', null, '2016-10-21 11:35:41', '2016-10-21 11:35:43'), ('3', 'admin', '5f4dcc3b5aa765d61d8327deb882cf99', 'admin', 'admin@139.com', '1', null, null, null, null, null);
COMMIT;

-- ----------------------------
--  Table structure for `user_roles`
-- ----------------------------
DROP TABLE IF EXISTS `user_roles`;
CREATE TABLE `user_roles` (
  `user_role_id` int(11) NOT NULL AUTO_INCREMENT,
  `username` varchar(45) COLLATE utf8_bin NOT NULL,
  `role` varchar(45) COLLATE utf8_bin NOT NULL,
  PRIMARY KEY (`user_role_id`)
) ENGINE=InnoDB AUTO_INCREMENT=24 DEFAULT CHARSET=utf8 COLLATE=utf8_bin;

-- ----------------------------
--  Records of `user_roles`
-- ----------------------------
BEGIN;
INSERT INTO `user_roles` VALUES ('1', 'admin', 'ROLE_ADMIN');
COMMIT;

SET FOREIGN_KEY_CHECKS = 1;
